"id","AreaName","ParentName","GazeObject","startKeyframe","endKeyframe","duration","eventType","AreaCode"
1,"OfficeSet","OfficeTableDrawer","BookStack7OfficeTableDrawer1,",16070,16110,40,2,"C18"
1,"OfficeSet","OfficeChairGroup","OfficeChair",16120,16173,53,2,"C7"
1,"OfficeSet","OfficeTableDrawer","OfficeTableDrawer1",16178,16211,33,2,"C18"
1,"OfficeSet","OfficeDeskSurface","OtherPlantBoxOtherPlant1,",16262,16302,40,2,"C6"
1,"OfficeSet","OfficeChairGroup","Plant3OfficeChair,Plant3,OfficeChair,ComputerCase,",16314,16351,37,2,"C7"
1,"OfficeSet","OfficeTableDrawer","OfficeTableDrawer1BookStack7,OfficeTableDrawer1,",16352,16393,41,2,"C18"
1,"BookShelfArea","ChairGroup","PlantC1",16563,16597,34,2,"D15"
1,"OfficeSet","OfficeTableDrawer","OfficeTableDrawer1BookStack7,OfficeTableDrawer2,BookStack7,OfficeTableDrawer2,OfficeTableDrawer1,OfficeTableDrawer2,OfficeTableDrawer1,OfficeTableDrawer1,OfficeTableDrawer1,OfficeTableDrawer1OfficeTableDrawer2,,OfficeTableDrawer3,OfficeTableDrawer2BookStack7,OfficeTableDrawer2,BookStack7,,",16621,17334,643,2,"C18"
1,"LongTableArea","UnderLongTable","PlantC3",17371,17409,38,2,"B2"
1,"OfficeSet","BookStack","Books3Books2,Books1,",17409,17474,65,2,"C5"
1,"OfficeSet","OfficeChairGroup","OfficeChairPlant3,",17508,17540,32,2,"C7"
1,"OfficeSet","BookStack","Books2Books1,",17705,17737,32,2,"C5"
1,"LongTableArea","UnderLongTable","PaperbagPlantC3Paperbag,Paperbag,Paperbag,Paperbag,Paperbag,OtherPlant3,Paperbag,Paperbag,Paperbag,,PaperbagPaperbag,Paperbag,Paperbag,,PaperbagPaperbag,Paperbag,Paperbag,Paperbag,Paperbag,Paperbag,Paperbag,Paperbag,Paperbag,Paperbag,Paperbag,Paperbag,Paperbag,,Paperbag,Paperbag,",17904,20064,1396,2,"B2"
1,"LongTableArea","LongTable","LongTable",20064,20098,34,2,"B9"
1,"LongTableArea","UnderLongTable","PaperbagPaperbag,",20119,20285,163,2,"B2"
1,"LongTableArea","LongTable","LongTable",20286,20327,41,2,"B9"
1,"LongTableArea","UnderLongTable","PaperbagPaperbag,",20358,20651,263,2,"B2"
1,"LongTableArea","LongTable","LongTable",20701,20748,47,2,"B9"
1,"LongTableArea","UnderLongTable","PaperbagPaperbagPaperbag,,",20748,20862,104,2,"B2"
1,"LongTableArea","LongTable","LongTable",20862,20892,30,2,"B9"
1,"LongTableArea","UnderLongTable","Paperbag",20892,20927,35,2,"B2"
1,"LongTableArea","LongTable","LongTableLongTable,",20927,21117,156,2,"B9"
1,"LongTableArea","UnderLongTable","Paperbag",21119,21170,51,2,"B2"
1,"LongTableArea","LongTable","LongTable",21172,21244,72,2,"B9"
1,"LongTableArea","UnderLongTable","BackpackPaperbag,Paperbag,Paperbag,Paperbag,Paperbag,OtherPlant3,",21291,21712,97,2,"B2"
2,"OfficeSet","OfficeChairGroup","OfficeChairPlant3,",8254,8290,36,2,"C7"
2,"LongTableArea","UnderLongTable","OtherPlant3",8335,8366,31,2,"B2"
2,"LongTableArea","LongTableSurface","Bookcase1Plant1,Plant1,Plant1,OtherPlant2,",8401,8468,37,2,"B4"
2,"OfficeSet","OfficeChairGroup","Plant3",8493,8524,31,2,"C7"
2,"CabinArea","LoungeChair","LoungeChairOpenBook,",8573,8604,31,2,"A1"
2,"BookShelfArea","Bookshelf","WoodenShelf",8735,8793,58,2,"D8"
2,"OfficeSet","OfficeChairGroup","Plant3OfficeChair,Plant3,BookStack6,OfficeChair,BookStack6,",8887,8922,35,2,"C7"
2,"OfficeSet","OfficeSet","OfficeTable",8922,8962,40,2,"C13"
2,"OfficeSet","OfficeChairGroup","Plant3",8962,9001,39,2,"C7"
2,"OfficeSet","OfficeDeskSurface","ComputerMonitorComputerMonitor,OtherPlantBox,OtherPlantBox,ComputerMousePack,",9003,9056,39,2,"C6"
2,"OfficeSet","OfficeChairGroup","ComputerCase",9141,9178,37,2,"C7"
2,"OfficeSet","OfficeTableDrawer","OfficeTableDrawer2OfficeTableDrawer3,OfficeTableDrawer2,OfficeTableDrawer3,OfficeTableDrawer2,OfficeTableDrawer3,OfficeTableDrawer2,OfficeTableDrawer1OfficeTableDrawer2,OfficeTableDrawer3,OfficeTableDrawer2,OfficeTableDrawer3,OfficeTableDrawer2,OfficeTableDrawer3,OfficeTableDrawer2,OfficeTableDrawer3,OfficeTableDrawer2,OfficeTableDrawer3,OfficeTableDrawer2,BookStack7,,BookStack7OfficeTableDrawer2,OfficeTableDrawer3,OfficeTableDrawer2,OfficeTableDrawer3,OfficeTableDrawer2,OfficeTableDrawer3,OfficeTableDrawer2,OfficeTableDrawer1,,OfficeTableDrawer1,",9192,10024,735,2,"C18"
2,"OfficeSet","OfficeChairGroup","OfficeChairPlant3,Plant3,",10037,10101,63,2,"C7"
2,"BookShelfArea","Bookshelf","WoodenShelf",10199,10296,97,2,"D8"
2,"BookShelfArea","LowerShelf","SushiBox2BookshelfDrawer2,Books14,book4BookshelfDrawer2,book4,book4,book4,book4,book4,book4,,",10315,10655,135,2,"D12"
2,"BookShelfArea","Bookshelf","WoodenShelf",10678,10712,34,2,"D8"
2,"BookShelfArea","LowerShelf","book5book1,",10725,10760,35,2,"D12"
2,"OfficeSet","OfficeSet","OfficeTable",10760,10811,51,2,"C13"
2,"LongTableArea","UnderLongTable","BackpackSmallChair,Backpack,OtherPlant3Paperbag,Paperbag,OtherPlant3,Paperbag,OtherPlant3,Paperbag,OtherPlant3,Paperbag,OtherPlant3,Paperbag,OtherPlant3,Paperbag,OtherPlant3,Paperbag,OtherPlant3,Paperbag,OtherPlant3,Paperbag,OtherPlant3,Paperbag,OtherPlant3,Paperbag,OtherPlant3,Paperbag,,PaperbagPaperbag,Paperbag,OtherPlant3,Paperbag,Paperbag,,PaperbagPaperbag,Paperbag,Paperbag,Paperbag,Paperbag,Paperbag,Paperbag,Paperbag,Paperbag,Paperbag,,",10937,11811,664,2,"B2"
3,"CabinArea","CabinetDoors","GothicCabinetDoor3GothicCabinetDoor4,",3342,3401,59,2,"A10"
3,"BookShelfArea","Bookshelf","WoodenShelfWoodenShelf,WoodenShelf,WoodenShelf,WoodenShelf,",3404,3461,41,2,"D8"
3,"BookShelfArea","LowerShelf","BookshelfDrawer1BookshelfDrawer2,book4,BookshelfDrawer2,book4,book5BookshelfDrawer3,,",3461,3631,167,2,"D12"
3,"OfficeSet","OfficeChairGroup","OfficeChairPlant3,OfficeChair,",3640,3675,35,2,"C7"
3,"OfficeSet","OfficeTableDrawer","OfficeTableDrawer1OfficeTableDrawer1,OfficeTableDrawer1BookStack7,OfficeTableDrawer2,OfficeTableDrawer3,OfficeTableDrawer2,BookStack7,Key8,BookStack7,OfficeTableDrawer2,,",3740,4054,290,2,"C18"
3,"LongTableArea","UnderLongTable","PaperbagOtherPlant3,Paperbag,Paperbag,Paperbag,Paperbag,",4073,4312,137,2,"B2"
4,"CabinArea","CabinetDoors","GothicCabinetDoor3GothicCabinetDoor4,GothicCabinetDoor3,GothicCabinetDoor3GothicCabinetDoor4,GothicCabinetDoor3,GothicCabinetDoor4,GothicCabinetDoor3,GothicCabinetDoor4,GothicCabinetDoor3,,GothicCabinetDoor3GothicCabinetDoor4,,",6385,6777,339,2,"A10"
4,"BookShelfArea","ChairGroup","PlantC1",6779,6846,67,2,"D15"
4,"CabinArea","CabinetDoors","GothicCabinetDoor4GothicCabinetDoor3,GothicCabinetDoor4,",6847,7018,171,2,"A10"
4,"CabinArea","Cabin","OtherPlant4",7018,7050,32,2,"A0"
4,"CabinArea","CabinetDoors","GothicCabinetDoor3",7052,7125,73,2,"A10"
4,"CabinArea","LowerCabin","PlantC2SmallChair2,",7139,7290,124,2,"A19"
4,"CabinArea","Cabin","GothicCabinetOtherPlant4,GothicCabinet,",7319,7384,65,2,"A0"
4,"BookShelfArea","LowerShelf","BookshelfDrawer1book4,BookshelfDrawer2,book4,BookshelfDrawer1,BookshelfDrawer1,SushiBox2,BookshelfDrawer1,BookshelfDrawer2,book4,book4,Plant2,",7462,7707,138,2,"D12"
4,"OfficeSet","OfficeChairGroup","Plant3OfficeChair,",7763,7949,186,2,"C7"
4,"OfficeSet","OfficeTableDrawer","OfficeTableDrawer1OfficeTableDrawer2,OfficeTableDrawer3,OfficeTableDrawer2,OfficeTableDrawer3,OfficeTableDrawer2,BookStack7,OfficeTableDrawer2,BookStack7,OfficeTableDrawer2,BookStack7,Key8,OfficeTableDrawer3Key8,OfficeTableDrawer3,OfficeTableDrawer1,,BookStack7OfficeTableDrawer2,BookStack7,OfficeTableDrawer3,BookStack7,OfficeTableDrawer3,,",8054,8342,215,2,"C18"
4,"LongTableArea","UnderLongTable","PaperbagOtherPlant3,Paperbag,OtherPlant3,Paperbag,Paperbag,Paperbag,Paperbag,Paperbag,OtherPlant3,Backpack,SmallChair,",8351,8613,201,2,"B2"
5,"CabinArea","CabinetDoors","GothicCabinetDoor3GothicCabinetDoor4,",7595,7641,46,2,"A10"
5,"CabinArea","LowerCabin","PlantC2SmallChair2,",7673,7849,131,2,"A19"
5,"CabinArea","Cabin","GothicCabinetOtherPlant4,",7849,7887,38,2,"A0"
5,"BookShelfArea","ChairGroup","PlantC1",7912,8073,161,2,"D15"
5,"BookShelfArea","RedOfficeChair","RedOfficeChair",8105,8216,111,2,"D14"
5,"CabinArea","CabinetDoors","GothicCabinetDoor3",8332,8456,124,2,"A10"
5,"CabinArea","LowerCabin","PlantC2SmallChair2,",8456,8504,48,2,"A19"
5,"CabinArea","CabinetDoors","GothicCabinetDoor3",8506,8549,43,2,"A10"
5,"CabinArea","LoungeChair","OpenBookLoungeChair,",8549,8586,37,2,"A1"
5,"CabinArea","CabinetDrawer","SmallCabinetDrawer1SmallCabinetDrawer1SmallCabinetDrawer2,,SmallCabinetDrawer2SmallCabinetDrawer1,,",8648,8951,292,2,"A3"
5,"LongTableArea","LongTableSurface","Bookcase1",9008,9040,32,2,"B4"
5,"OfficeSet","OfficeChairGroup","OfficeChairPlant3,OfficeChair,",9136,9175,39,2,"C7"
5,"OfficeSet","OfficeTableDrawer","OfficeTableDrawer2OfficeTableDrawer1,OfficeTableDrawer1,OfficeTableDrawer1BookStack7,OfficeTableDrawer2,BookStack7,Key8,BookStack7,OfficeTableDrawer2,OfficeTableDrawer3,,",9200,9575,371,2,"C18"
5,"OfficeSet","OfficeChairGroup","ComputerCaseOfficeChair,BookStack6,OfficeChair,",9577,9774,176,2,"C7"
5,"BookShelfArea","LowerShelf","BookshelfDrawer3BookshelfDrawer2,BookshelfDrawer3,BookshelfDrawer2,BookshelfDrawer1,SushiBox2,SushiBox2,BookshelfDrawer1,SushiBox2,book4BookshelfDrawer2,book4,book4,book4,book4,,",9774,10223,362,2,"D12"
5,"BookShelfArea","Bookshelf","WoodenShelfWoodenShelf,WoodenShelf,",10232,10281,42,2,"D8"
5,"LongTableArea","UnderLongTable","PlantC3Paperbag,OtherPlant3,BackpackSmallChair,Backpack,SmallChair,Backpack,Backpack,SmallChair,Backpack,,OtherPlant3Paperbag,Paperbag,Paperbag,,",10403,10871,345,2,"B2"
